Domain Code,Domain,Area Code (FAO),Area,Element Code,Element,Item Code,Item,Year Code,Year,Unit,Value,Flag,Flag Description,Note
"RL","Land Use","100","India","5110","Area","6602","Agriculture","2001","2001","1000 ha","180487","I","Value imputed by a receiving agency",""
"RL","Land Use","100","India","5110","Area","6602","Agriculture","2002","2002","1000 ha","180560","I","Value imputed by a receiving agency",""
"RL","Land Use","100","India","5110","Area","6602","Agriculture","2003","2003","1000 ha","180249","I","Value imputed by a receiving agency",""
"RL","Land Use","100","India","5110","Area","6602","Agriculture","2004","2004","1000 ha","180375","I","Value imputed by a receiving agency",""
"RL","Land Use","100","India","5110","Area","6602","Agriculture","2005","2005","1000 ha","180126","I","Value imputed by a receiving agency",""
"RL","Land Use","100","India","5110","Area","6602","Agriculture","2006","2006","1000 ha","179906","I","Value imputed by a receiving agency",""
"RL","Land Use","100","India","5110","Area","6602","Agriculture","2007","2007","1000 ha","179620","I","Value imputed by a receiving agency",""
"RL","Land Use","100","India","5110","Area","6602","Agriculture","2008","2008","1000 ha","179757","I","Value imputed by a receiving agency",""
"RL","Land Use","100","India","5110","Area","6602","Agriculture","2009","2009","1000 ha","180068","I","Value imputed by a receiving agency",""
"RL","Land Use","100","India","5110","Area","6602","Agriculture","2010","2010","1000 ha","179573","I","Value imputed by a receiving agency",""
"RL","Land Use","100","India","5110","Area","6602","Agriculture","2011","2011","1000 ha","179670","I","Value imputed by a receiving agency",""
"RL","Land Use","100","India","5110","Area","6602","Agriculture","2012","2012","1000 ha","179642","I","Value imputed by a receiving agency",""
"RL","Land Use","100","India","5110","Area","6602","Agriculture","2013","2013","1000 ha","179698","I","Value imputed by a receiving agency",""
"RL","Land Use","100","India","5110","Area","6602","Agriculture","2014","2014","1000 ha","179728","I","Value imputed by a receiving agency",""
"RL","Land Use","100","India","5110","Area","6602","Agriculture","2015","2015","1000 ha","179675","I","Value imputed by a receiving agency",""
"RL","Land Use","100","India","5110","Area","6602","Agriculture","2016","2016","1000 ha","179578","I","Value imputed by a receiving agency",""
"RL","Land Use","100","India","5110","Area","6602","Agriculture","2017","2017","1000 ha","179236","I","Value imputed by a receiving agency",""
"RL","Land Use","100","India","5110","Area","6602","Agriculture","2018","2018","1000 ha","179116","I","Value imputed by a receiving agency",""
"RL","Land Use","100","India","5110","Area","6602","Agriculture","2019","2019","1000 ha","179045","I","Value imputed by a receiving agency",""
"RL","Land Use","100","India","5110","Area","6602","Agriculture","2020","2020","1000 ha","178528","I","Value imputed by a receiving agency",""
"RL","Land Use","100","India","5110","Area","6602","Agriculture","2021","2021","1000 ha","178542.3333","I","Value imputed by a receiving agency",""
"RL","Land Use","100","India","5110","Area","6602","Agriculture","2022","2022","1000 ha","178556.6667","I","Value imputed by a receiving agency",""
"RL","Land Use","100","India","5110","Area","6602","Agriculture","2023","2023","1000 ha","178571","I","Value imputed by a receiving agency",""
"RL","Land Use","100","India","5110","Area","6610","Agricultural land","2001","2001","1000 ha","180487","A","Official figure",""
"RL","Land Use","100","India","7209","Share in Land area","6610","Agricultural land","2001","2001","%","60.7","A","Official figure",""
"RL","Land Use","100","India","5110","Area","6610","Agricultural land","2002","2002","1000 ha","180560","A","Official figure",""
"RL","Land Use","100","India","7209","Share in Land area","6610","Agricultural land","2002","2002","%","60.73","A","Official figure",""
"RL","Land Use","100","India","5110","Area","6610","Agricultural land","2003","2003","1000 ha","180249","A","Official figure",""
"RL","Land Use","100","India","7209","Share in Land area","6610","Agricultural land","2003","2003","%","60.62","A","Official figure",""
"RL","Land Use","100","India","5110","Area","6610","Agricultural land","2004","2004","1000 ha","180375","A","Official figure",""
"RL","Land Use","100","India","7209","Share in Land area","6610","Agricultural land","2004","2004","%","60.67","A","Official figure",""
"RL","Land Use","100","India","5110","Area","6610","Agricultural land","2005","2005","1000 ha","180126","A","Official figure",""
"RL","Land Use","100","India","7209","Share in Land area","6610","Agricultural land","2005","2005","%","60.58","A","Official figure",""
"RL","Land Use","100","India","5110","Area","6610","Agricultural land","2006","2006","1000 ha","179906","A","Official figure",""
"RL","Land Use","100","India","7209","Share in Land area","6610","Agricultural land","2006","2006","%","60.51","E","Estimated value",""
"RL","Land Use","100","India","5110","Area","6610","Agricultural land","2007","2007","1000 ha","179620","A","Official figure",""
"RL","Land Use","100","India","7209","Share in Land area","6610","Agricultural land","2007","2007","%","60.41","E","Estimated value",""
"RL","Land Use","100","India","5110","Area","6610","Agricultural land","2008","2008","1000 ha","179757","A","Official figure",""
"RL","Land Use","100","India","7209","Share in Land area","6610","Agricultural land","2008","2008","%","60.46","E","Estimated value",""
"RL","Land Use","100","India","5110","Area","6610","Agricultural land","2009","2009","1000 ha","180068","A","Official figure",""
"RL","Land Use","100","India","7209","Share in Land area","6610","Agricultural land","2009","2009","%","60.56","E","Estimated value",""
"RL","Land Use","100","India","5110","Area","6610","Agricultural land","2010","2010","1000 ha","179573","A","Official figure",""
"RL","Land Use","100","India","7209","Share in Land area","6610","Agricultural land","2010","2010","%","60.4","E","Estimated value",""
"RL","Land Use","100","India","5110","Area","6610","Agricultural land","2011","2011","1000 ha","179670","A","Official figure",""
"RL","Land Use","100","India","7209","Share in Land area","6610","Agricultural land","2011","2011","%","60.43","E","Estimated value",""
"RL","Land Use","100","India","5110","Area","6610","Agricultural land","2012","2012","1000 ha","179642","A","Official figure",""
"RL","Land Use","100","India","7209","Share in Land area","6610","Agricultural land","2012","2012","%","60.42","E","Estimated value",""
"RL","Land Use","100","India","5110","Area","6610","Agricultural land","2013","2013","1000 ha","179698","A","Official figure",""
"RL","Land Use","100","India","7209","Share in Land area","6610","Agricultural land","2013","2013","%","60.44","E","Estimated value",""
"RL","Land Use","100","India","5110","Area","6610","Agricultural land","2014","2014","1000 ha","179728","A","Official figure",""
"RL","Land Use","100","India","7209","Share in Land area","6610","Agricultural land","2014","2014","%","60.45","E","Estimated value",""
"RL","Land Use","100","India","5110","Area","6610","Agricultural land","2015","2015","1000 ha","179675","A","Official figure",""
"RL","Land Use","100","India","7209","Share in Land area","6610","Agricultural land","2015","2015","%","60.43","E","Estimated value",""
"RL","Land Use","100","India","5110","Area","6610","Agricultural land","2016","2016","1000 ha","179578","A","Official figure",""
"RL","Land Use","100","India","7209","Share in Land area","6610","Agricultural land","2016","2016","%","60.4","E","Estimated value",""
"RL","Land Use","100","India","5110","Area","6610","Agricultural land","2017","2017","1000 ha","179236","A","Official figure",""
"RL","Land Use","100","India","7209","Share in Land area","6610","Agricultural land","2017","2017","%","60.28","E","Estimated value",""
"RL","Land Use","100","India","5110","Area","6610","Agricultural land","2018","2018","1000 ha","179116","A","Official figure",""
"RL","Land Use","100","India","7209","Share in Land area","6610","Agricultural land","2018","2018","%","60.24","E","Estimated value",""
"RL","Land Use","100","India","5110","Area","6610","Agricultural land","2019","2019","1000 ha","179045","A","Official figure",""
"RL","Land Use","100","India","7209","Share in Land area","6610","Agricultural land","2019","2019","%","60.22","E","Estimated value",""
"RL","Land Use","100","India","5110","Area","6610","Agricultural land","2020","2020","1000 ha","178528","A","Official figure",""
"RL","Land Use","100","India","7209","Share in Land area","6610","Agricultural land","2020","2020","%","60.05","E","Estimated value",""
"RL","Land Use","100","India","5110","Area","6610","Agricultural land","2021","2021","1000 ha","178542.3333","I","Value imputed by a receiving agency",""
"RL","Land Use","100","India","7209","Share in Land area","6610","Agricultural land","2021","2021","%","60.05","E","Estimated value",""
"RL","Land Use","100","India","5110","Area","6610","Agricultural land","2022","2022","1000 ha","178556.6667","I","Value imputed by a receiving agency",""
"RL","Land Use","100","India","7209","Share in Land area","6610","Agricultural land","2022","2022","%","60.06","E","Estimated value",""
"RL","Land Use","100","India","5110","Area","6610","Agricultural land","2023","2023","1000 ha","178571","A","Official figure",""
"RL","Land Use","100","India","7209","Share in Land area","6610","Agricultural land","2023","2023","%","60.06","E","Estimated value",""
"RL","Land Use","100","India","5110","Area","6620","Cropland","2001","2001","1000 ha","169825","A","Official figure",""
"RL","Land Use","100","India","7208","Share in Agricultural land","6620","Cropland","2001","2001","%","94.09","A","Official figure",""
"RL","Land Use","100","India","7209","Share in Land area","6620","Cropland","2001","2001","%","57.12","A","Official figure",""
"RL","Land Use","100","India","7277","Area per capita","6620","Cropland","2001","2001","ha/cap","0.1576","E","Estimated value",""
"RL","Land Use","100","India","5110","Area","6620","Cropland","2002","2002","1000 ha","170032","A","Official figure",""
"RL","Land Use","100","India","7208","Share in Agricultural land","6620","Cropland","2002","2002","%","94.17","A","Official figure",""
"RL","Land Use","100","India","7209","Share in Land area","6620","Cropland","2002","2002","%","57.19","A","Official figure",""
"RL","Land Use","100","India","7277","Area per capita","6620","Cropland","2002","2002","ha/cap","0.1549","E","Estimated value",""
"RL","Land Use","100","India","5110","Area","6620","Cropland","2003","2003","1000 ha","169799","A","Official figure",""
"RL","Land Use","100","India","7208","Share in Agricultural land","6620","Cropland","2003","2003","%","94.2","A","Official figure",""
"RL","Land Use","100","India","7209","Share in Land area","6620","Cropland","2003","2003","%","57.11","A","Official figure",""
"RL","Land Use","100","India","7277","Area per capita","6620","Cropland","2003","2003","ha/cap","0.152","E","Estimated value",""
"RL","Land Use","100","India","5110","Area","6620","Cropland","2004","2004","1000 ha","169891","A","Official figure",""
"RL","Land Use","100","India","7208","Share in Agricultural land","6620","Cropland","2004","2004","%","94.19","A","Official figure",""
"RL","Land Use","100","India","7209","Share in Land area","6620","Cropland","2004","2004","%","57.14","A","Official figure",""
"RL","Land Use","100","India","7277","Area per capita","6620","Cropland","2004","2004","ha/cap","0.1496","E","Estimated value",""
"RL","Land Use","100","India","5110","Area","6620","Cropland","2005","2005","1000 ha","169674","A","Official figure",""
"RL","Land Use","100","India","7208","Share in Agricultural land","6620","Cropland","2005","2005","%","94.2","A","Official figure",""
"RL","Land Use","100","India","7209","Share in Land area","6620","Cropland","2005","2005","%","57.07","A","Official figure",""
"RL","Land Use","100","India","7277","Area per capita","6620","Cropland","2005","2005","ha/cap","0.1469","E","Estimated value",""
"RL","Land Use","100","India","5110","Area","6620","Cropland","2006","2006","1000 ha","169462","A","Official figure",""
"RL","Land Use","100","India","7208","Share in Agricultural land","6620","Cropland","2006","2006","%","94.19","A","Official figure",""
"RL","Land Use","100","India","7209","Share in Land area","6620","Cropland","2006","2006","%","57","E","Estimated value",""
"RL","Land Use","100","India","7277","Area per capita","6620","Cropland","2006","2006","ha/cap","0.1445","E","Estimated value",""
"RL","Land Use","100","India","5110","Area","6620","Cropland","2007","2007","1000 ha","169202","A","Official figure",""
"RL","Land Use","100","India","7208","Share in Agricultural land","6620","Cropland","2007","2007","%","94.2","A","Official figure",""
"RL","Land Use","100","India","7209","Share in Land area","6620","Cropland","2007","2007","%","56.91","E","Estimated value",""
"RL","Land Use","100","India","7277","Area per capita","6620","Cropland","2007","2007","ha/cap","0.1421","E","Estimated value",""
"RL","Land Use","100","India","5110","Area","6620","Cropland","2008","2008","1000 ha","169395","A","Official figure",""
"RL","Land Use","100","India","7208","Share in Agricultural land","6620","Cropland","2008","2008","%","94.24","A","Official figure",""
"RL","Land Use","100","India","7209","Share in Land area","6620","Cropland","2008","2008","%","56.97","E","Estimated value",""
"RL","Land Use","100","India","7277","Area per capita","6620","Cropland","2008","2008","ha/cap","0.1402","E","Estimated value",""
"RL","Land Use","100","India","5110","Area","6620","Cropland","2009","2009","1000 ha","169724","A","Official figure",""
"RL","Land Use","100","India","7208","Share in Agricultural land","6620","Cropland","2009","2009","%","94.26","A","Official figure",""
"RL","Land Use","100","India","7209","Share in Land area","6620","Cropland","2009","2009","%","57.08","E","Estimated value",""
"RL","Land Use","100","India","7277","Area per capita","6620","Cropland","2009","2009","ha/cap","0.1385","E","Estimated value",""
"RL","Land Use","100","India","5110","Area","6620","Cropland","2010","2010","1000 ha","169234","A","Official figure",""
"RL","Land Use","100","India","7208","Share in Agricultural land","6620","Cropland","2010","2010","%","94.24","A","Official figure",""
"RL","Land Use","100","India","7209","Share in Land area","6620","Cropland","2010","2010","%","56.92","E","Estimated value",""
"RL","Land Use","100","India","7277","Area per capita","6620","Cropland","2010","2010","ha/cap","0.1361","E","Estimated value",""
"RL","Land Use","100","India","5110","Area","6620","Cropland","2011","2011","1000 ha","169369","A","Official figure",""
"RL","Land Use","100","India","7208","Share in Agricultural land","6620","Cropland","2011","2011","%","94.27","A","Official figure",""
"RL","Land Use","100","India","7209","Share in Land area","6620","Cropland","2011","2011","%","56.97","E","Estimated value",""
"RL","Land Use","100","India","7277","Area per capita","6620","Cropland","2011","2011","ha/cap","0.1343","E","Estimated value",""
"RL","Land Use","100","India","5110","Area","6620","Cropland","2012","2012","1000 ha","169346","A","Official figure",""
"RL","Land Use","100","India","7208","Share in Agricultural land","6620","Cropland","2012","2012","%","94.27","A","Official figure",""
"RL","Land Use","100","India","7209","Share in Land area","6620","Cropland","2012","2012","%","56.96","E","Estimated value",""
"RL","Land Use","100","India","7277","Area per capita","6620","Cropland","2012","2012","ha/cap","0.1324","E","Estimated value",""
"RL","Land Use","100","India","5110","Area","6620","Cropland","2013","2013","1000 ha","169442","A","Official figure",""
"RL","Land Use","100","India","7208","Share in Agricultural land","6620","Cropland","2013","2013","%","94.29","A","Official figure",""
"RL","Land Use","100","India","7209","Share in Land area","6620","Cropland","2013","2013","%","56.99","E","Estimated value",""
"RL","Land Use","100","India","7277","Area per capita","6620","Cropland","2013","2013","ha/cap","0.1308","E","Estimated value",""
"RL","Land Use","100","India","5110","Area","6620","Cropland","2014","2014","1000 ha","169463","A","Official figure",""
"RL","Land Use","100","India","7208","Share in Agricultural land","6620","Cropland","2014","2014","%","94.29","A","Official figure",""
"RL","Land Use","100","India","7209","Share in Land area","6620","Cropland","2014","2014","%","57","E","Estimated value",""
"RL","Land Use","100","India","7277","Area per capita","6620","Cropland","2014","2014","ha/cap","0.1291","E","Estimated value",""
"RL","Land Use","100","India","5110","Area","6620","Cropland","2015","2015","1000 ha","169413","A","Official figure",""
"RL","Land Use","100","India","7208","Share in Agricultural land","6620","Cropland","2015","2015","%","94.29","A","Official figure",""
"RL","Land Use","100","India","7209","Share in Land area","6620","Cropland","2015","2015","%","56.98","E","Estimated value",""
"RL","Land Use","100","India","7277","Area per capita","6620","Cropland","2015","2015","ha/cap","0.1276","E","Estimated value",""
"RL","Land Use","100","India","5110","Area","6620","Cropland","2016","2016","1000 ha","169317","A","Official figure",""
"RL","Land Use","100","India","7208","Share in Agricultural land","6620","Cropland","2016","2016","%","94.29","A","Official figure",""
"RL","Land Use","100","India","7209","Share in Land area","6620","Cropland","2016","2016","%","56.95","E","Estimated value",""
"RL","Land Use","100","India","7277","Area per capita","6620","Cropland","2016","2016","ha/cap","0.126","E","Estimated value",""
"RL","Land Use","100","India","5110","Area","6620","Cropland","2017","2017","1000 ha","168895","A","Official figure",""
"RL","Land Use","100","India","7208","Share in Agricultural land","6620","Cropland","2017","2017","%","94.23","A","Official figure",""
"RL","Land Use","100","India","7209","Share in Land area","6620","Cropland","2017","2017","%","56.81","E","Estimated value",""
"RL","Land Use","100","India","7277","Area per capita","6620","Cropland","2017","2017","ha/cap","0.1242","E","Estimated value",""
"RL","Land Use","100","India","5110","Area","6620","Cropland","2018","2018","1000 ha","168778","A","Official figure",""
"RL","Land Use","100","India","7208","Share in Agricultural land","6620","Cropland","2018","2018","%","94.23","A","Official figure",""
"RL","Land Use","100","India","7209","Share in Land area","6620","Cropland","2018","2018","%","56.77","E","Estimated value",""
"RL","Land Use","100","India","7277","Area per capita","6620","Cropland","2018","2018","ha/cap","0.1228","E","Estimated value",""
"RL","Land Use","100","India","5110","Area","6620","Cropland","2019","2019","1000 ha","168669","A","Official figure",""
"RL","Land Use","100","India","7208","Share in Agricultural land","6620","Cropland","2019","2019","%","94.2","A","Official figure",""
"RL","Land Use","100","India","7209","Share in Land area","6620","Cropland","2019","2019","%","56.73","E","Estimated value",""
"RL","Land Use","100","India","7277","Area per capita","6620","Cropland","2019","2019","ha/cap","0.1214","E","Estimated value",""
"RL","Land Use","100","India","5110","Area","6620","Cropland","2020","2020","1000 ha","168048","A","Official figure",""
"RL","Land Use","100","India","7208","Share in Agricultural land","6620","Cropland","2020","2020","%","94.13","A","Official figure",""
"RL","Land Use","100","India","7209","Share in Land area","6620","Cropland","2020","2020","%","56.52","E","Estimated value",""
"RL","Land Use","100","India","7277","Area per capita","6620","Cropland","2020","2020","ha/cap","0.1198","E","Estimated value",""
"RL","Land Use","100","India","5110","Area","6620","Cropland","2021","2021","1000 ha","168139.6667","I","Value imputed by a receiving agency",""
"RL","Land Use","100","India","7208","Share in Agricultural land","6620","Cropland","2021","2021","%","94.17","E","Estimated value",""
"RL","Land Use","100","India","7209","Share in Land area","6620","Cropland","2021","2021","%","56.55","E","Estimated value",""
"RL","Land Use","100","India","7277","Area per capita","6620","Cropland","2021","2021","ha/cap","0.1189","E","Estimated value",""
"RL","Land Use","100","India","5110","Area","6620","Cropland","2022","2022","1000 ha","168231.3333","I","Value imputed by a receiving agency",""
"RL","Land Use","100","India","7208","Share in Agricultural land","6620","Cropland","2022","2022","%","94.22","E","Estimated value",""
"RL","Land Use","100","India","7209","Share in Land area","6620","Cropland","2022","2022","%","56.58","E","Estimated value",""
"RL","Land Use","100","India","7277","Area per capita","6620","Cropland","2022","2022","ha/cap","0.118","E","Estimated value",""
"RL","Land Use","100","India","5110","Area","6620","Cropland","2023","2023","1000 ha","168323","A","Official figure",""
"RL","Land Use","100","India","7208","Share in Agricultural land","6620","Cropland","2023","2023","%","94.26","A","Official figure",""
"RL","Land Use","100","India","7209","Share in Land area","6620","Cropland","2023","2023","%","56.61","E","Estimated value",""
"RL","Land Use","100","India","7277","Area per capita","6620","Cropland","2023","2023","ha/cap","0.117","E","Estimated value",""
"RL","Land Use","100","India","5110","Area","6621","Arable land","2001","2001","1000 ha","160325","I","Value imputed by a receiving agency",""
"RL","Land Use","100","India","7208","Share in Agricultural land","6621","Arable land","2001","2001","%","88.83","E","Estimated value",""
"RL","Land Use","100","India","5110","Area","6621","Arable land","2002","2002","1000 ha","160432","I","Value imputed by a receiving agency",""
"RL","Land Use","100","India","7208","Share in Agricultural land","6621","Arable land","2002","2002","%","88.85","E","Estimated value",""
"RL","Land Use","100","India","5110","Area","6621","Arable land","2003","2003","1000 ha","159799","I","Value imputed by a receiving agency",""
"RL","Land Use","100","India","7208","Share in Agricultural land","6621","Arable land","2003","2003","%","88.65","E","Estimated value",""
"RL","Land Use","100","India","5110","Area","6621","Arable land","2004","2004","1000 ha","159681","I","Value imputed by a receiving agency",""
"RL","Land Use","100","India","7208","Share in Agricultural land","6621","Arable land","2004","2004","%","88.53","E","Estimated value",""
"RL","Land Use","100","India","5110","Area","6621","Arable land","2005","2005","1000 ha","159444","I","Value imputed by a receiving agency",""
"RL","Land Use","100","India","7208","Share in Agricultural land","6621","Arable land","2005","2005","%","88.52","E","Estimated value",""
"RL","Land Use","100","India","5110","Area","6621","Arable land","2006","2006","1000 ha","158662","I","Value imputed by a receiving agency",""
"RL","Land Use","100","India","7208","Share in Agricultural land","6621","Arable land","2006","2006","%","88.19","E","Estimated value",""
"RL","Land Use","100","India","5110","Area","6621","Arable land","2007","2007","1000 ha","158022","I","Value imputed by a receiving agency",""
"RL","Land Use","100","India","7208","Share in Agricultural land","6621","Arable land","2007","2007","%","87.98","E","Estimated value",""
"RL","Land Use","100","India","5110","Area","6621","Arable land","2008","2008","1000 ha","157995","I","Value imputed by a receiving agency",""
"RL","Land Use","100","India","7208","Share in Agricultural land","6621","Arable land","2008","2008","%","87.89","E","Estimated value",""
"RL","Land Use","100","India","5110","Area","6621","Arable land","2009","2009","1000 ha","157924","I","Value imputed by a receiving agency",""
"RL","Land Use","100","India","7208","Share in Agricultural land","6621","Arable land","2009","2009","%","87.7","E","Estimated value",""
"RL","Land Use","100","India","5110","Area","6621","Arable land","2010","2010","1000 ha","157009","I","Value imputed by a receiving agency",""
"RL","Land Use","100","India","7208","Share in Agricultural land","6621","Arable land","2010","2010","%","87.43","E","Estimated value",""
"RL","Land Use","100","India","5110","Area","6621","Arable land","2011","2011","1000 ha","156979","I","Value imputed by a receiving agency",""
"RL","Land Use","100","India","7208","Share in Agricultural land","6621","Arable land","2011","2011","%","87.37","E","Estimated value",""
"RL","Land Use","100","India","5110","Area","6621","Arable land","2012","2012","1000 ha","156546","I","Value imputed by a receiving agency",""
"RL","Land Use","100","India","7208","Share in Agricultural land","6621","Arable land","2012","2012","%","87.14","E","Estimated value",""
"RL","Land Use","100","India","5110","Area","6621","Arable land","2013","2013","1000 ha","156442","I","Value imputed by a receiving agency",""
"RL","Land Use","100","India","7208","Share in Agricultural land","6621","Arable land","2013","2013","%","87.06","E","Estimated value",""
"RL","Land Use","100","India","5110","Area","6621","Arable land","2014","2014","1000 ha","156463","I","Value imputed by a receiving agency",""
"RL","Land Use","100","India","7208","Share in Agricultural land","6621","Arable land","2014","2014","%","87.06","E","Estimated value",""
"RL","Land Use","100","India","5110","Area","6621","Arable land","2015","2015","1000 ha","156413","I","Value imputed by a receiving agency",""
"RL","Land Use","100","India","7208","Share in Agricultural land","6621","Arable land","2015","2015","%","87.05","E","Estimated value",""
"RL","Land Use","100","India","5110","Area","6621","Arable land","2016","2016","1000 ha","156317","I","Value imputed by a receiving agency",""
"RL","Land Use","100","India","7208","Share in Agricultural land","6621","Arable land","2016","2016","%","87.05","E","Estimated value",""
"RL","Land Use","100","India","5110","Area","6621","Arable land","2017","2017","1000 ha","155895","I","Value imputed by a receiving agency",""
"RL","Land Use","100","India","7208","Share in Agricultural land","6621","Arable land","2017","2017","%","86.98","E","Estimated value",""
"RL","Land Use","100","India","5110","Area","6621","Arable land","2018","2018","1000 ha","155478","I","Value imputed by a receiving agency",""
"RL","Land Use","100","India","7208","Share in Agricultural land","6621","Arable land","2018","2018","%","86.8","E","Estimated value",""
"RL","Land Use","100","India","5110","Area","6621","Arable land","2019","2019","1000 ha","155369","I","Value imputed by a receiving agency",""
"RL","Land Use","100","India","7208","Share in Agricultural land","6621","Arable land","2019","2019","%","86.78","E","Estimated value",""
"RL","Land Use","100","India","5110","Area","6621","Arable land","2020","2020","1000 ha","154422.6","I","Value imputed by a receiving agency",""
"RL","Land Use","100","India","7208","Share in Agricultural land","6621","Arable land","2020","2020","%","86.5","E","Estimated value",""
"RL","Land Use","100","India","5110","Area","6621","Arable land","2021","2021","1000 ha","154163.9667","I","Value imputed by a receiving agency",""
"RL","Land Use","100","India","7208","Share in Agricultural land","6621","Arable land","2021","2021","%","86.35","E","Estimated value",""
"RL","Land Use","100","India","5110","Area","6621","Arable land","2022","2022","1000 ha","154027.5333","I","Value imputed by a receiving agency",""
"RL","Land Use","100","India","7208","Share in Agricultural land","6621","Arable land","2022","2022","%","86.26","E","Estimated value",""
"RL","Land Use","100","India","5110","Area","6621","Arable land","2023","2023","1000 ha","153868.7","I","Value imputed by a receiving agency",""
"RL","Land Use","100","India","7208","Share in Agricultural land","6621","Arable land","2023","2023","%","86.17","E","Estimated value",""
"RL","Land Use","100","India","5110","Area","6630","Temporary crops","2001","2001","1000 ha","114374.4102","I","Value imputed by a receiving agency",""
"RL","Land Use","100","India","5110","Area","6630","Temporary crops","2002","2002","1000 ha","114702.5626","I","Value imputed by a receiving agency",""
"RL","Land Use","100","India","5110","Area","6630","Temporary crops","2003","2003","1000 ha","114644.8465","I","Value imputed by a receiving agency",""
"RL","Land Use","100","India","5110","Area","6630","Temporary crops","2004","2004","1000 ha","114846.8355","I","Value imputed by a receiving agency",""
"RL","Land Use","100","India","5110","Area","6630","Temporary crops","2005","2005","1000 ha","115027.3253","I","Value imputed by a receiving agency",""
"RL","Land Use","100","India","5110","Area","6630","Temporary crops","2006","2006","1000 ha","115257.3242","I","Value imputed by a receiving agency",""
"RL","Land Use","100","India","5110","Area","6630","Temporary crops","2007","2007","1000 ha","115124.0394","I","Value imputed by a receiving agency",""
"RL","Land Use","100","India","5110","Area","6630","Temporary crops","2008","2008","1000 ha","116486.1491","I","Value imputed by a receiving agency",""
"RL","Land Use","100","India","5110","Area","6630","Temporary crops","2009","2009","1000 ha","117445.4749","I","Value imputed by a receiving agency",""
"RL","Land Use","100","India","5110","Area","6630","Temporary crops","2010","2010","1000 ha","117256.239","I","Value imputed by a receiving agency",""
"RL","Land Use","100","India","5110","Area","6630","Temporary crops","2011","2011","1000 ha","118461.742","I","Value imputed by a receiving agency",""
"RL","Land Use","100","India","5110","Area","6630","Temporary crops","2012","2012","1000 ha","118152.9576","I","Value imputed by a receiving agency",""
"RL","Land Use","100","India","5110","Area","6630","Temporary crops","2013","2013","1000 ha","119008.2865","I","Value imputed by a receiving agency",""
"RL","Land Use","100","India","5110","Area","6630","Temporary crops","2014","2014","1000 ha","119418.4618","I","Value imputed by a receiving agency",""
"RL","Land Use","100","India","5110","Area","6630","Temporary crops","2015","2015","1000 ha","119084","I","Value imputed by a receiving agency",""
"RL","Land Use","100","India","5110","Area","6630","Temporary crops","2016","2016","1000 ha","119254","I","Value imputed by a receiving agency",""
"RL","Land Use","100","India","5110","Area","6630","Temporary crops","2017","2017","1000 ha","119292","I","Value imputed by a receiving agency",""
"RL","Land Use","100","India","5110","Area","6630","Temporary crops","2018","2018","1000 ha","118889","I","Value imputed by a receiving agency",""
"RL","Land Use","100","India","5110","Area","6630","Temporary crops","2019","2019","1000 ha","119341","I","Value imputed by a receiving agency",""
"RL","Land Use","100","India","5110","Area","6630","Temporary crops","2020","2020","1000 ha","119226.3337","I","Value imputed by a receiving agency",""
"RL","Land Use","100","India","5110","Area","6630","Temporary crops","2021","2021","1000 ha","120049.304","I","Value imputed by a receiving agency",""
"RL","Land Use","100","India","5110","Area","6630","Temporary crops","2022","2022","1000 ha","119943.0617","I","Value imputed by a receiving agency",""
"RL","Land Use","100","India","5110","Area","6630","Temporary crops","2023","2023","1000 ha","119819.3763","I","Value imputed by a receiving agency",""
"RL","Land Use","100","India","5110","Area","6633","Temporary meadows and pastures","2001","2001","1000 ha","20906.5898","I","Value imputed by a receiving agency",""
"RL","Land Use","100","India","5110","Area","6633","Temporary meadows and pastures","2002","2002","1000 ha","19873.4375","I","Value imputed by a receiving agency",""
"RL","Land Use","100","India","5110","Area","6633","Temporary meadows and pastures","2003","2003","1000 ha","10729.1535","I","Value imputed by a receiving agency",""
"RL","Land Use","100","India","5110","Area","6633","Temporary meadows and pastures","2004","2004","1000 ha","19032.1645","I","Value imputed by a receiving agency",""
"RL","Land Use","100","India","5110","Area","6633","Temporary meadows and pastures","2005","2005","1000 ha","18746.6747","I","Value imputed by a receiving agency",""
"RL","Land Use","100","India","5110","Area","6633","Temporary meadows and pastures","2006","2006","1000 ha","18495.6758","I","Value imputed by a receiving agency",""
"RL","Land Use","100","India","5110","Area","6633","Temporary meadows and pastures","2007","2007","1000 ha","16869.9606","I","Value imputed by a receiving agency",""
"RL","Land Use","100","India","5110","Area","6633","Temporary meadows and pastures","2008","2008","1000 ha","16529.8509","I","Value imputed by a receiving agency",""
"RL","Land Use","100","India","5110","Area","6633","Temporary meadows and pastures","2009","2009","1000 ha","15996.5251","I","Value imputed by a receiving agency",""
"RL","Land Use","100","India","5110","Area","6633","Temporary meadows and pastures","2010","2010","1000 ha","12905.761","I","Value imputed by a receiving agency",""
"RL","Land Use","100","India","5110","Area","6633","Temporary meadows and pastures","2011","2011","1000 ha","13915.258","I","Value imputed by a receiving agency",""
"RL","Land Use","100","India","5110","Area","6633","Temporary meadows and pastures","2012","2012","1000 ha","13012.0424","I","Value imputed by a receiving agency",""
"RL","Land Use","100","India","5110","Area","6633","Temporary meadows and pastures","2013","2013","1000 ha","11109.7135","I","Value imputed by a receiving agency",""
"RL","Land Use","100","India","5110","Area","6633","Temporary meadows and pastures","2014","2014","1000 ha","12193.5382","I","Value imputed by a receiving agency",""
"RL","Land Use","100","India","5110","Area","6633","Temporary meadows and pastures","2015","2015","1000 ha","11148","I","Value imputed by a receiving agency",""
"RL","Land Use","100","India","5110","Area","6633","Temporary meadows and pastures","2016","2016","1000 ha","10345","I","Value imputed by a receiving agency",""
"RL","Land Use","100","India","5110","Area","6633","Temporary meadows and pastures","2017","2017","1000 ha","10247","I","Value imputed by a receiving agency",""
"RL","Land Use","100","India","5110","Area","6633","Temporary meadows and pastures","2018","2018","1000 ha","10159","I","Value imputed by a receiving agency",""
"RL","Land Use","100","India","5110","Area","6633","Temporary meadows and pastures","2019","2019","1000 ha","9864","I","Value imputed by a receiving agency",""
"RL","Land Use","100","India","5110","Area","6633","Temporary meadows and pastures","2020","2020","1000 ha","10184.2663","I","Value imputed by a receiving agency",""
"RL","Land Use","100","India","5110","Area","6633","Temporary meadows and pastures","2021","2021","1000 ha","10021.3293","I","Value imputed by a receiving agency",""
"RL","Land Use","100","India","5110","Area","6633","Temporary meadows and pastures","2022","2022","1000 ha","10909.8049","I","Value imputed by a receiving agency",""
"RL","Land Use","100","India","5110","Area","6633","Temporary meadows and pastures","2023","2023","1000 ha","11793.3237","I","Value imputed by a receiving agency",""
"RL","Land Use","100","India","5110","Area","6640","Temporary fallow","2001","2001","1000 ha","25044","A","Official figure",""
"RL","Land Use","100","India","5110","Area","6640","Temporary fallow","2002","2002","1000 ha","25856","A","Official figure",""
"RL","Land Use","100","India","5110","Area","6640","Temporary fallow","2003","2003","1000 ha","34425","A","Official figure",""
"RL","Land Use","100","India","5110","Area","6640","Temporary fallow","2004","2004","1000 ha","25802","A","Official figure",""
"RL","Land Use","100","India","5110","Area","6640","Temporary fallow","2005","2005","1000 ha","25670","A","Official figure",""
"RL","Land Use","100","India","5110","Area","6640","Temporary fallow","2006","2006","1000 ha","24909","A","Official figure",""
"RL","Land Use","100","India","5110","Area","6640","Temporary fallow","2007","2007","1000 ha","26028","A","Official figure",""
"RL","Land Use","100","India","5110","Area","6640","Temporary fallow","2008","2008","1000 ha","24979","A","Official figure",""
"RL","Land Use","100","India","5110","Area","6640","Temporary fallow","2009","2009","1000 ha","24482","A","Official figure",""
"RL","Land Use","100","India","5110","Area","6640","Temporary fallow","2010","2010","1000 ha","26847","A","Official figure",""
"RL","Land Use","100","India","5110","Area","6640","Temporary fallow","2011","2011","1000 ha","24602","A","Official figure",""
"RL","Land Use","100","India","5110","Area","6640","Temporary fallow","2012","2012","1000 ha","25381","A","Official figure",""
"RL","Land Use","100","India","5110","Area","6640","Temporary fallow","2013","2013","1000 ha","26324","A","Official figure",""
"RL","Land Use","100","India","5110","Area","6640","Temporary fallow","2014","2014","1000 ha","24851","A","Official figure",""
"RL","Land Use","100","India","5110","Area","6640","Temporary fallow","2015","2015","1000 ha","26181","A","Official figure",""
"RL","Land Use","100","India","5110","Area","6640","Temporary fallow","2016","2016","1000 ha","26718","A","Official figure",""
"RL","Land Use","100","India","5110","Area","6640","Temporary fallow","2017","2017","1000 ha","26356","A","Official figure",""
"RL","Land Use","100","India","5110","Area","6640","Temporary fallow","2018","2018","1000 ha","26430","A","Official figure",""
"RL","Land Use","100","India","5110","Area","6640","Temporary fallow","2019","2019","1000 ha","26164","A","Official figure",""
"RL","Land Use","100","India","5110","Area","6640","Temporary fallow","2020","2020","1000 ha","25012","A","Official figure",""
"RL","Land Use","100","India","5110","Area","6640","Temporary fallow","2021","2021","1000 ha","24093.3333","I","Value imputed by a receiving agency",""
"RL","Land Use","100","India","5110","Area","6640","Temporary fallow","2022","2022","1000 ha","23174.6667","I","Value imputed by a receiving agency",""
"RL","Land Use","100","India","5110","Area","6640","Temporary fallow","2023","2023","1000 ha","22256","A","Official figure",""
"RL","Land Use","100","India","5110","Area","6650","Permanent crops","2001","2001","1000 ha","9500","I","Value imputed by a receiving agency",""
"RL","Land Use","100","India","7208","Share in Agricultural land","6650","Permanent crops","2001","2001","%","5.26","E","Estimated value",""
"RL","Land Use","100","India","5110","Area","6650","Permanent crops","2002","2002","1000 ha","9600","I","Value imputed by a receiving agency",""
"RL","Land Use","100","India","7208","Share in Agricultural land","6650","Permanent crops","2002","2002","%","5.32","E","Estimated value",""
"RL","Land Use","100","India","5110","Area","6650","Permanent crops","2003","2003","1000 ha","10000","I","Value imputed by a receiving agency",""
"RL","Land Use","100","India","7208","Share in Agricultural land","6650","Permanent crops","2003","2003","%","5.55","E","Estimated value",""
"RL","Land Use","100","India","5110","Area","6650","Permanent crops","2004","2004","1000 ha","10210","I","Value imputed by a receiving agency",""
"RL","Land Use","100","India","7208","Share in Agricultural land","6650","Permanent crops","2004","2004","%","5.66","E","Estimated value",""
"RL","Land Use","100","India","5110","Area","6650","Permanent crops","2005","2005","1000 ha","10230","I","Value imputed by a receiving agency",""
"RL","Land Use","100","India","7208","Share in Agricultural land","6650","Permanent crops","2005","2005","%","5.68","E","Estimated value",""
"RL","Land Use","100","India","5110","Area","6650","Permanent crops","2006","2006","1000 ha","10800","I","Value imputed by a receiving agency",""
"RL","Land Use","100","India","7208","Share in Agricultural land","6650","Permanent crops","2006","2006","%","6","E","Estimated value",""
"RL","Land Use","100","India","5110","Area","6650","Permanent crops","2007","2007","1000 ha","11180","I","Value imputed by a receiving agency",""
"RL","Land Use","100","India","7208","Share in Agricultural land","6650","Permanent crops","2007","2007","%","6.22","E","Estimated value",""
"RL","Land Use","100","India","5110","Area","6650","Permanent crops","2008","2008","1000 ha","11400","I","Value imputed by a receiving agency",""
"RL","Land Use","100","India","7208","Share in Agricultural land","6650","Permanent crops","2008","2008","%","6.34","E","Estimated value",""
"RL","Land Use","100","India","5110","Area","6650","Permanent crops","2009","2009","1000 ha","11800","I","Value imputed by a receiving agency",""
"RL","Land Use","100","India","7208","Share in Agricultural land","6650","Permanent crops","2009","2009","%","6.55","E","Estimated value",""
"RL","Land Use","100","India","5110","Area","6650","Permanent crops","2010","2010","1000 ha","12225","I","Value imputed by a receiving agency",""
"RL","Land Use","100","India","7208","Share in Agricultural land","6650","Permanent crops","2010","2010","%","6.81","E","Estimated value",""
"RL","Land Use","100","India","5110","Area","6650","Permanent crops","2011","2011","1000 ha","12390","I","Value imputed by a receiving agency",""
"RL","Land Use","100","India","7208","Share in Agricultural land","6650","Permanent crops","2011","2011","%","6.9","E","Estimated value",""
"RL","Land Use","100","India","5110","Area","6650","Permanent crops","2012","2012","1000 ha","12800","I","Value imputed by a receiving agency",""
"RL","Land Use","100","India","7208","Share in Agricultural land","6650","Permanent crops","2012","2012","%","7.13","E","Estimated value",""
"RL","Land Use","100","India","5110","Area","6650","Permanent crops","2013","2013","1000 ha","13000","I","Value imputed by a receiving agency",""
"RL","Land Use","100","India","7208","Share in Agricultural land","6650","Permanent crops","2013","2013","%","7.23","E","Estimated value",""
"RL","Land Use","100","India","5110","Area","6650","Permanent crops","2014","2014","1000 ha","13000","I","Value imputed by a receiving agency",""
"RL","Land Use","100","India","7208","Share in Agricultural land","6650","Permanent crops","2014","2014","%","7.23","E","Estimated value",""
"RL","Land Use","100","India","5110","Area","6650","Permanent crops","2015","2015","1000 ha","13000","I","Value imputed by a receiving agency",""
"RL","Land Use","100","India","7208","Share in Agricultural land","6650","Permanent crops","2015","2015","%","7.24","E","Estimated value",""
"RL","Land Use","100","India","5110","Area","6650","Permanent crops","2016","2016","1000 ha","13000","I","Value imputed by a receiving agency",""
"RL","Land Use","100","India","7208","Share in Agricultural land","6650","Permanent crops","2016","2016","%","7.24","E","Estimated value",""
"RL","Land Use","100","India","5110","Area","6650","Permanent crops","2017","2017","1000 ha","13000","I","Value imputed by a receiving agency",""
"RL","Land Use","100","India","7208","Share in Agricultural land","6650","Permanent crops","2017","2017","%","7.25","E","Estimated value",""
"RL","Land Use","100","India","5110","Area","6650","Permanent crops","2018","2018","1000 ha","13300","I","Value imputed by a receiving agency",""
"RL","Land Use","100","India","7208","Share in Agricultural land","6650","Permanent crops","2018","2018","%","7.43","E","Estimated value",""
"RL","Land Use","100","India","5110","Area","6650","Permanent crops","2019","2019","1000 ha","13300","I","Value imputed by a receiving agency",""
"RL","Land Use","100","India","7208","Share in Agricultural land","6650","Permanent crops","2019","2019","%","7.43","E","Estimated value",""
"RL","Land Use","100","India","5110","Area","6650","Permanent crops","2020","2020","1000 ha","13625.4","I","Value imputed by a receiving agency",""
"RL","Land Use","100","India","7208","Share in Agricultural land","6650","Permanent crops","2020","2020","%","7.63","E","Estimated value",""
"RL","Land Use","100","India","5110","Area","6650","Permanent crops","2021","2021","1000 ha","13975.7","I","Value imputed by a receiving agency",""
"RL","Land Use","100","India","7208","Share in Agricultural land","6650","Permanent crops","2021","2021","%","7.83","E","Estimated value",""
"RL","Land Use","100","India","5110","Area","6650","Permanent crops","2022","2022","1000 ha","14203.8","I","Value imputed by a receiving agency",""
"RL","Land Use","100","India","7208","Share in Agricultural land","6650","Permanent crops","2022","2022","%","7.95","E","Estimated value",""
"RL","Land Use","100","India","5110","Area","6650","Permanent crops","2023","2023","1000 ha","14454.3","I","Value imputed by a receiving agency",""
"RL","Land Use","100","India","7208","Share in Agricultural land","6650","Permanent crops","2023","2023","%","8.09","E","Estimated value",""
"RL","Land Use","100","India","5110","Area","6655","Permanent meadows and pastures","2001","2001","1000 ha","10662","A","Official figure",""
"RL","Land Use","100","India","7208","Share in Agricultural land","6655","Permanent meadows and pastures","2001","2001","%","5.91","A","Official figure",""
"RL","Land Use","100","India","7209","Share in Land area","6655","Permanent meadows and pastures","2001","2001","%","3.59","A","Official figure",""
"RL","Land Use","100","India","5110","Area","6655","Permanent meadows and pastures","2002","2002","1000 ha","10528","A","Official figure",""
"RL","Land Use","100","India","7208","Share in Agricultural land","6655","Permanent meadows and pastures","2002","2002","%","5.83","A","Official figure",""
"RL","Land Use","100","India","7209","Share in Land area","6655","Permanent meadows and pastures","2002","2002","%","3.54","A","Official figure",""
"RL","Land Use","100","India","5110","Area","6655","Permanent meadows and pastures","2003","2003","1000 ha","10450","A","Official figure",""
"RL","Land Use","100","India","7208","Share in Agricultural land","6655","Permanent meadows and pastures","2003","2003","%","5.8","A","Official figure",""
"RL","Land Use","100","India","7209","Share in Land area","6655","Permanent meadows and pastures","2003","2003","%","3.51","A","Official figure",""
"RL","Land Use","100","India","5110","Area","6655","Permanent meadows and pastures","2004","2004","1000 ha","10484","A","Official figure",""
"RL","Land Use","100","India","7208","Share in Agricultural land","6655","Permanent meadows and pastures","2004","2004","%","5.81","A","Official figure",""
"RL","Land Use","100","India","7209","Share in Land area","6655","Permanent meadows and pastures","2004","2004","%","3.53","A","Official figure",""
"RL","Land Use","100","India","5110","Area","6655","Permanent meadows and pastures","2005","2005","1000 ha","10452","A","Official figure",""
"RL","Land Use","100","India","7208","Share in Agricultural land","6655","Permanent meadows and pastures","2005","2005","%","5.8","A","Official figure",""
"RL","Land Use","100","India","7209","Share in Land area","6655","Permanent meadows and pastures","2005","2005","%","3.52","A","Official figure",""
"RL","Land Use","100","India","5110","Area","6655","Permanent meadows and pastures","2006","2006","1000 ha","10444","A","Official figure",""
"RL","Land Use","100","India","7208","Share in Agricultural land","6655","Permanent meadows and pastures","2006","2006","%","5.81","A","Official figure",""
"RL","Land Use","100","India","7209","Share in Land area","6655","Permanent meadows and pastures","2006","2006","%","3.51","E","Estimated value",""
"RL","Land Use","100","India","5110","Area","6655","Permanent meadows and pastures","2007","2007","1000 ha","10418","A","Official figure",""
"RL","Land Use","100","India","7208","Share in Agricultural land","6655","Permanent meadows and pastures","2007","2007","%","5.8","A","Official figure",""
"RL","Land Use","100","India","7209","Share in Land area","6655","Permanent meadows and pastures","2007","2007","%","3.5","E","Estimated value",""
"RL","Land Use","100","India","5110","Area","6655","Permanent meadows and pastures","2008","2008","1000 ha","10362","A","Official figure",""
"RL","Land Use","100","India","7208","Share in Agricultural land","6655","Permanent meadows and pastures","2008","2008","%","5.76","A","Official figure",""
"RL","Land Use","100","India","7209","Share in Land area","6655","Permanent meadows and pastures","2008","2008","%","3.49","E","Estimated value",""
"RL","Land Use","100","India","5110","Area","6655","Permanent meadows and pastures","2009","2009","1000 ha","10344","A","Official figure",""
"RL","Land Use","100","India","7208","Share in Agricultural land","6655","Permanent meadows and pastures","2009","2009","%","5.74","A","Official figure",""
"RL","Land Use","100","India","7209","Share in Land area","6655","Permanent meadows and pastures","2009","2009","%","3.48","E","Estimated value",""
"RL","Land Use","100","India","5110","Area","6655","Permanent meadows and pastures","2010","2010","1000 ha","10339","A","Official figure",""
"RL","Land Use","100","India","7208","Share in Agricultural land","6655","Permanent meadows and pastures","2010","2010","%","5.76","A","Official figure",""
"RL","Land Use","100","India","7209","Share in Land area","6655","Permanent meadows and pastures","2010","2010","%","3.48","E","Estimated value",""
"RL","Land Use","100","India","5110","Area","6655","Permanent meadows and pastures","2011","2011","1000 ha","10301","A","Official figure",""
"RL","Land Use","100","India","7208","Share in Agricultural land","6655","Permanent meadows and pastures","2011","2011","%","5.73","A","Official figure",""
"RL","Land Use","100","India","7209","Share in Land area","6655","Permanent meadows and pastures","2011","2011","%","3.46","E","Estimated value",""
"RL","Land Use","100","India","5110","Area","6655","Permanent meadows and pastures","2012","2012","1000 ha","10296","A","Official figure",""
"RL","Land Use","100","India","7208","Share in Agricultural land","6655","Permanent meadows and pastures","2012","2012","%","5.73","A","Official figure",""
"RL","Land Use","100","India","7209","Share in Land area","6655","Permanent meadows and pastures","2012","2012","%","3.46","E","Estimated value",""
"RL","Land Use","100","India","5110","Area","6655","Permanent meadows and pastures","2013","2013","1000 ha","10256","A","Official figure",""
"RL","Land Use","100","India","7208","Share in Agricultural land","6655","Permanent meadows and pastures","2013","2013","%","5.71","A","Official figure",""
"RL","Land Use","100","India","7209","Share in Land area","6655","Permanent meadows and pastures","2013","2013","%","3.45","E","Estimated value",""
"RL","Land Use","100","India","5110","Area","6655","Permanent meadows and pastures","2014","2014","1000 ha","10265","A","Official figure",""
"RL","Land Use","100","India","7208","Share in Agricultural land","6655","Permanent meadows and pastures","2014","2014","%","5.71","A","Official figure",""
"RL","Land Use","100","India","7209","Share in Land area","6655","Permanent meadows and pastures","2014","2014","%","3.45","E","Estimated value",""
"RL","Land Use","100","India","5110","Area","6655","Permanent meadows and pastures","2015","2015","1000 ha","10262","A","Official figure",""
"RL","Land Use","100","India","7208","Share in Agricultural land","6655","Permanent meadows and pastures","2015","2015","%","5.71","A","Official figure",""
"RL","Land Use","100","India","7209","Share in Land area","6655","Permanent meadows and pastures","2015","2015","%","3.45","E","Estimated value",""
"RL","Land Use","100","India","5110","Area","6655","Permanent meadows and pastures","2016","2016","1000 ha","10261","A","Official figure",""
"RL","Land Use","100","India","7208","Share in Agricultural land","6655","Permanent meadows and pastures","2016","2016","%","5.71","A","Official figure",""
"RL","Land Use","100","India","7209","Share in Land area","6655","Permanent meadows and pastures","2016","2016","%","3.45","E","Estimated value",""
"RL","Land Use","100","India","5110","Area","6655","Permanent meadows and pastures","2017","2017","1000 ha","10340","A","Official figure",""
"RL","Land Use","100","India","7208","Share in Agricultural land","6655","Permanent meadows and pastures","2017","2017","%","5.77","A","Official figure",""
"RL","Land Use","100","India","7209","Share in Land area","6655","Permanent meadows and pastures","2017","2017","%","3.48","E","Estimated value",""
"RL","Land Use","100","India","5110","Area","6655","Permanent meadows and pastures","2018","2018","1000 ha","10338","A","Official figure",""
"RL","Land Use","100","India","7208","Share in Agricultural land","6655","Permanent meadows and pastures","2018","2018","%","5.77","A","Official figure",""
"RL","Land Use","100","India","7209","Share in Land area","6655","Permanent meadows and pastures","2018","2018","%","3.48","E","Estimated value",""
"RL","Land Use","100","India","5110","Area","6655","Permanent meadows and pastures","2019","2019","1000 ha","10376","A","Official figure",""
"RL","Land Use","100","India","7208","Share in Agricultural land","6655","Permanent meadows and pastures","2019","2019","%","5.8","A","Official figure",""
"RL","Land Use","100","India","7209","Share in Land area","6655","Permanent meadows and pastures","2019","2019","%","3.49","E","Estimated value",""
"RL","Land Use","100","India","5110","Area","6655","Permanent meadows and pastures","2020","2020","1000 ha","10480","A","Official figure",""
"RL","Land Use","100","India","7208","Share in Agricultural land","6655","Permanent meadows and pastures","2020","2020","%","5.87","A","Official figure",""
"RL","Land Use","100","India","7209","Share in Land area","6655","Permanent meadows and pastures","2020","2020","%","3.52","E","Estimated value",""
"RL","Land Use","100","India","5110","Area","6655","Permanent meadows and pastures","2021","2021","1000 ha","10402.6667","I","Value imputed by a receiving agency",""
"RL","Land Use","100","India","7208","Share in Agricultural land","6655","Permanent meadows and pastures","2021","2021","%","5.83","E","Estimated value",""
"RL","Land Use","100","India","7209","Share in Land area","6655","Permanent meadows and pastures","2021","2021","%","3.5","E","Estimated value",""
"RL","Land Use","100","India","5110","Area","6655","Permanent meadows and pastures","2022","2022","1000 ha","10325.3333","I","Value imputed by a receiving agency",""
"RL","Land Use","100","India","7208","Share in Agricultural land","6655","Permanent meadows and pastures","2022","2022","%","5.78","E","Estimated value",""
"RL","Land Use","100","India","7209","Share in Land area","6655","Permanent meadows and pastures","2022","2022","%","3.47","E","Estimated value",""
"RL","Land Use","100","India","5110","Area","6655","Permanent meadows and pastures","2023","2023","1000 ha","10248","A","Official figure",""
"RL","Land Use","100","India","7208","Share in Agricultural land","6655","Permanent meadows and pastures","2023","2023","%","5.74","A","Official figure",""
"RL","Land Use","100","India","7209","Share in Land area","6655","Permanent meadows and pastures","2023","2023","%","3.45","E","Estimated value",""
"RL","Land Use","100","India","5110","Area","6671","Agriculture area under organic agric.","2005","2005","1000 ha","185.9","I","Value imputed by a receiving agency",""
"RL","Land Use","100","India","7208","Share in Agricultural land","6671","Agriculture area under organic agric.","2005","2005","%","0.1","E","Estimated value",""
"RL","Land Use","100","India","5110","Area","6671","Agriculture area under organic agric.","2006","2006","1000 ha","432.3","I","Value imputed by a receiving agency",""
"RL","Land Use","100","India","7208","Share in Agricultural land","6671","Agriculture area under organic agric.","2006","2006","%","0.24","E","Estimated value",""
"RL","Land Use","100","India","5110","Area","6671","Agriculture area under organic agric.","2007","2007","1000 ha","1030.3","I","Value imputed by a receiving agency",""
"RL","Land Use","100","India","7208","Share in Agricultural land","6671","Agriculture area under organic agric.","2007","2007","%","0.57","E","Estimated value",""
"RL","Land Use","100","India","5110","Area","6671","Agriculture area under organic agric.","2008","2008","1000 ha","1018","I","Value imputed by a receiving agency",""
"RL","Land Use","100","India","7208","Share in Agricultural land","6671","Agriculture area under organic agric.","2008","2008","%","0.57","E","Estimated value",""
"RL","Land Use","100","India","5110","Area","6671","Agriculture area under organic agric.","2009","2009","1000 ha","1180","I","Value imputed by a receiving agency",""
"RL","Land Use","100","India","7208","Share in Agricultural land","6671","Agriculture area under organic agric.","2009","2009","%","0.66","E","Estimated value",""
"RL","Land Use","100","India","5110","Area","6671","Agriculture area under organic agric.","2010","2010","1000 ha","780","I","Value imputed by a receiving agency",""
"RL","Land Use","100","India","7208","Share in Agricultural land","6671","Agriculture area under organic agric.","2010","2010","%","0.43","E","Estimated value",""
"RL","Land Use","100","India","5110","Area","6671","Agriculture area under organic agric.","2011","2011","1000 ha","1084.3","I","Value imputed by a receiving agency",""
"RL","Land Use","100","India","7208","Share in Agricultural land","6671","Agriculture area under organic agric.","2011","2011","%","0.6","E","Estimated value",""
"RL","Land Use","100","India","5110","Area","6671","Agriculture area under organic agric.","2012","2012","1000 ha","500","I","Value imputed by a receiving agency",""
"RL","Land Use","100","India","7208","Share in Agricultural land","6671","Agriculture area under organic agric.","2012","2012","%","0.28","E","Estimated value",""
"RL","Land Use","100","India","5110","Area","6671","Agriculture area under organic agric.","2013","2013","1000 ha","500","I","Value imputed by a receiving agency",""
"RL","Land Use","100","India","7208","Share in Agricultural land","6671","Agriculture area under organic agric.","2013","2013","%","0.28","E","Estimated value",""
"RL","Land Use","100","India","5110","Area","6671","Agriculture area under organic agric.","2014","2014","1000 ha","720","I","Value imputed by a receiving agency",""
"RL","Land Use","100","India","7208","Share in Agricultural land","6671","Agriculture area under organic agric.","2014","2014","%","0.4","E","Estimated value",""
"RL","Land Use","100","India","5110","Area","6671","Agriculture area under organic agric.","2015","2015","1000 ha","1180","I","Value imputed by a receiving agency",""
"RL","Land Use","100","India","7208","Share in Agricultural land","6671","Agriculture area under organic agric.","2015","2015","%","0.66","E","Estimated value",""
"RL","Land Use","100","India","5110","Area","6671","Agriculture area under organic agric.","2016","2016","1000 ha","1490","I","Value imputed by a receiving agency",""
"RL","Land Use","100","India","7208","Share in Agricultural land","6671","Agriculture area under organic agric.","2016","2016","%","0.83","E","Estimated value",""
"RL","Land Use","100","India","5110","Area","6671","Agriculture area under organic agric.","2017","2017","1000 ha","1780","I","Value imputed by a receiving agency",""
"RL","Land Use","100","India","7208","Share in Agricultural land","6671","Agriculture area under organic agric.","2017","2017","%","0.99","E","Estimated value",""
"RL","Land Use","100","India","5110","Area","6671","Agriculture area under organic agric.","2018","2018","1000 ha","1938","I","Value imputed by a receiving agency",""
"RL","Land Use","100","India","7208","Share in Agricultural land","6671","Agriculture area under organic agric.","2018","2018","%","1.08","E","Estimated value",""
"RL","Land Use","100","India","5110","Area","6671","Agriculture area under organic agric.","2019","2019","1000 ha","2299","A","Official figure",""
"RL","Land Use","100","India","7208","Share in Agricultural land","6671","Agriculture area under organic agric.","2019","2019","%","1.28","A","Official figure",""
"RL","Land Use","100","India","5110","Area","6671","Agriculture area under organic agric.","2020","2020","1000 ha","2658","I","Value imputed by a receiving agency",""
"RL","Land Use","100","India","7208","Share in Agricultural land","6671","Agriculture area under organic agric.","2020","2020","%","1.49","E","Estimated value",""
"RL","Land Use","100","India","5110","Area","6671","Agriculture area under organic agric.","2021","2021","1000 ha","2658","I","Value imputed by a receiving agency",""
"RL","Land Use","100","India","7208","Share in Agricultural land","6671","Agriculture area under organic agric.","2021","2021","%","1.49","E","Estimated value",""
"RL","Land Use","100","India","5110","Area","6671","Agriculture area under organic agric.","2022","2022","1000 ha","4727","I","Value imputed by a receiving agency",""
"RL","Land Use","100","India","7208","Share in Agricultural land","6671","Agriculture area under organic agric.","2022","2022","%","2.65","E","Estimated value",""
"RL","Land Use","100","India","5110","Area","6671","Agriculture area under organic agric.","2023","2023","1000 ha","4475.837","I","Value imputed by a receiving agency",""
"RL","Land Use","100","India","7208","Share in Agricultural land","6671","Agriculture area under organic agric.","2023","2023","%","2.51","E","Estimated value",""
"RL","Land Use","100","India","5110","Area","6672","Agriculture area certified organic","2008","2008","1000 ha","858","I","Value imputed by a receiving agency",""
"RL","Land Use","100","India","5110","Area","6672","Agriculture area certified organic","2009","2009","1000 ha","800","I","Value imputed by a receiving agency",""
"RL","Land Use","100","India","5110","Area","6672","Agriculture area certified organic","2011","2011","1000 ha","846.6","I","Value imputed by a receiving agency",""
"RL","Land Use","100","India","5110","Area","6672","Agriculture area certified organic","2019","2019","1000 ha","1334.5","A","Official figure",""
"RL","Land Use","100","India","5110","Area","6672","Agriculture area certified organic","2021","2021","1000 ha","2657.89","I","Value imputed by a receiving agency",""
"RL","Land Use","100","India","5110","Area","6672","Agriculture area certified organic","2022","2022","1000 ha","2657.89","I","Value imputed by a receiving agency",""
"RL","Land Use","100","India","5110","Area","6672","Agriculture area certified organic","2023","2023","1000 ha","1711.1073","I","Value imputed by a receiving agency",""
